[{"name":"theme_info","theme_name":"Narrative","theme_author":"Shopify","theme_version":"10.6.0","theme_documentation_url":"https:\/\/help.shopify.com\/manual\/using-themes\/themes-by-shopify\/narrative","theme_support_url":"https:\/\/support.shopify.com\/"},{"name":{"cs":"Barvy","da":"Farver","de":"Farben","en":"Colors","es":"Colores","fi":"Värit","fr":"Couleurs","it":"Colori","ja":"色","ko":"색상","nb":"Farger","nl":"Kleuren","pl":"Kolory","pt-BR":"Cores","pt-PT":"Cores","sv":"Färger","th":"สี","tr":"Renkler","vi":"Màu","zh-CN":"颜色","zh-TW":"色彩"},"settings":[{"type":"header","content":{"cs":"Barvy zvýraznění","da":"Markeringsfarver","de":"Akzentfarben","en":"Accent Colors","es":"Colores de acento","fi":"Korostusvärit","fr":"Couleurs d'accents","it":"Colori in risalto","ja":"アクセントの色","ko":"강조 색상","nb":"Uthevingsfarger","nl":"Accentkleuren","pl":"Kolory akcentów","pt-BR":"Cores de destaque","pt-PT":"Cores de destaque","sv":"Accentfärg","th":"สีที่เน้น","tr":"Vurgu Renkleri","vi":"Màu nhấn","zh-CN":"主题色","zh-TW":"強調色"}},{"type":"color","id":"color_primary","label":{"cs":"Primární zvýraznění","da":"Primær markering","de":"Primärer Akzent","en":"Primary accent","es":"Acento primario","fi":"Ensisijainen korostus","fr":"Accent principal","it":"Elemento in risalto primario","ja":"プライマリアクセント","ko":"기본 강조","nb":"Primær utheving","nl":"Primair accent","pl":"Główny akcent","pt-BR":"Destaque primário","pt-PT":"Destaque principal","sv":"Primära accenter","th":"สีหลักที่เน้น","tr":"Birincil vurgu","vi":"Điểm nhấn chín","zh-CN":"主要主题色","zh-TW":"主要強調"},"default":"#3c5629","info":{"cs":"Štítky označující slevu, tlačítka a zvláštní dekorativní prvky","da":"Tags, knapper og særlige ornamenter forbundet med salg.","de":"Verkaufstags, Schaltflächen und spezielle Ornamente.","en":"Sales tags, buttons, and special ornaments.","es":"Etiquetas de venta, botones y adornos especiales.","fi":"Myyntitunnisteet, painikkeet ja erikoiskoristeet.","fr":"Balises de réductions, boutons et ornements spéciaux.","it":"Tag articoli in offerta, pulsanti e abbellimenti speciali.","ja":"販売タグ、ボタン、および特別な装飾。","ko":"판매 태그, 버튼 및 특수 장식.","nb":"Salgstagger, knapper og spesielle ornamenter.","nl":"Verkooptags, knoppen en speciale versieringen.","pl":"Tagi sprzedaży, przyciski i specjalne ornamenty.","pt-BR":"Tags de vendas, botões e ornamentos especiais.","pt-PT":"Etiquetas de vendas, botões e ornamentos especiais.","sv":"Försäljningskoder, knappar och speciella smycken.","th":"แถบป้ายลดราคา ปุ่ม และการตกแต่งพิเศษ","tr":"Satış etiketleri, düğmeleri ve özel süslemeler.","vi":"Thẻ giảm giá, nút và trang trí đặc biệt.","zh-CN":"销售标签、按钮和特殊装饰。","zh-TW":"銷售標籤、按鈕及特殊裝飾。"}},{"type":"header","content":{"cs":"Barvy textu a ikon","da":"Farver på tekst og ikoner","de":"Text- und Symbolfarben","en":"Text & Icon Colors","es":"Colores de texto e íconos","fi":"Tekstin ja kuvakkeen väri","fr":"Couleurs du texte et des icônes","it":"Colori testo e icona","ja":"テキストとアイコンの色","ko":"텍스트 및 아이콘 색상","nb":"Tekst og ikonfarger","nl":"Tekst- en pictogramkleuren","pl":"Kolory tekstu i ikon","pt-BR":"Cores de texto e ícones","pt-PT":"Cores de texto e ícones","sv":"Text och ikonfärger","th":"สีข้อความและไอคอน","tr":"Metin ve Simge Renkleri","vi":"Màu văn bản và biểu tượng","zh-CN":"文字和图标颜色","zh-TW":"文字和圖示顏色"}},{"type":"color","id":"color_header_text","label":{"cs":"Ikony záhlaví","da":"Sidehovedikoner","de":"Header-Symbole","en":"Header icons","es":"Iconos de encabezado","fi":"Ylätunnistekuvakkeet","fr":"Icônes d'en-tête","it":"Icona header","ja":"ヘッダーアイコン","ko":"헤더 아이콘","nb":"Ikoner for overskrift","nl":"Pictogrammen koptekst","pl":"Ikony nagłówków","pt-BR":"Ícones do cabeçalho","pt-PT":"Ícones do cabeçalho","sv":"Rubrikikoner","th":"ไอคอนส่วนหัว","tr":"Üstbilgi simgeleri","vi":"Biểu tượng đầu trang","zh-CN":"页眉图标","zh-TW":"標頭圖示"},"default":"#758560"},{"type":"color","id":"color_primary_heading_text","label":{"cs":"Text primárního nadpisu","da":"Primær overskriftstekst","de":"Text der primären Überschrift","en":"Primary heading text","es":"Texto del título principal","fi":"Ensisijainen otsikon teksti","fr":"Texte du titre principal","it":"Testo titolo primario","ja":"プライマリ見出しテキスト","ko":"기본 제목 텍스트","nb":"Primær overskriftstekst","nl":"Primaire koptekst","pl":"Tekst głównego nagłówka","pt-BR":"Texto do título primário","pt-PT":"Texto do título principal","sv":"Primärrubriktext","th":"ข้อความส่วนหัวหลัก","tr":"Birincil başlık metni","vi":"Văn bản tiêu đề chính","zh-CN":"主标题文本","zh-TW":"主要標頭文字"},"default":"#242424"},{"type":"color","id":"color_primary_body_text","label":{"cs":"Primární základní text","da":"Primær brødtekst","de":"Primärer Fließtext","en":"Primary body text","es":"Texto principal del cuerpo","fi":"Ensisijainen leipäteksti","fr":"Corps du texte principal","it":"Testo corpo principale","ja":"プライマリ本文テキスト","ko":"기본 본문 텍스트","nb":"Primær brødtekst","nl":"Primaire hoofdtekst","pl":"Główny tekst podstawowy","pt-BR":"Corpo do texto primário","pt-PT":"Texto do corpo principal","sv":"Primär kroppstext","th":"ข้อความเนื้อหาหลัก","tr":"Birincil gövde metni","vi":"Văn bản nội dung chính","zh-CN":"主正文文本","zh-TW":"主要內文"},"default":"#4a4a4a"},{"type":"color","id":"color_footer_text","label":{"cs":"Text v zápatí","da":"Tekst på sidefod","de":"Fußzeilentext","en":"Footer text","es":"Texto de pie de página","fi":"Alatunnisteen teksti","fr":"Texte du pied de page","it":"Testo footer","ja":"フッターテキスト","ko":"바닥글 텍스트","nb":"Bunntekst","nl":"Voettekst","pl":"Tekst stopki","pt-BR":"Texto do rodapé","pt-PT":"Texto do rodapé","sv":"Sidfotstext","th":"ข้อความส่วนท้าย","tr":"Altbilgi metni","vi":"Văn bản chân trang","zh-CN":"页脚文本","zh-TW":"頁尾文字"},"default":"#ffffff"},{"type":"color","id":"color_button_text","label":{"cs":"Text tlačítka","da":"Knaptekst","de":"Schaltflächenbeschriftung","en":"Button label","es":"Etiqueta de botón","fi":"Tekstipainike","fr":"Texte du bouton","it":"Etichetta pulsante","ja":"ボタンのラベル","ko":"버튼 레이블","nb":"Knappetikett","nl":"Knoplabel","pl":"Przycisk z etykietą","pt-BR":"Etiqueta de botão","pt-PT":"Etiqueta do botão","sv":"Knappetikett","th":"ป้ายกำกับปุ่ม","tr":"Düğme etiketi","vi":"Nhãn nút","zh-CN":"按钮标签","zh-TW":"按鈕標籤"},"default":"#ffffff"},{"type":"header","content":{"cs":"Barvy pozadí","da":"Baggrundsfarver","de":"Hintergrundfarben","en":"Background colors","es":"Colores del fondo","fi":"Taustavärit","fr":"Couleurs d'arrière-plan","it":"Colori sfondo","ja":"背景の色","ko":"배경색","nb":"Bakgrunnsfarger","nl":"Achtergrondkleuren","pl":"Kolory tła","pt-BR":"Cores de fundo","pt-PT":"Cores de fundo","sv":"Bakgrundsfärg","th":"สีพื้นหลัง","tr":"Arka plan renkleri","vi":"Màu nền","zh-CN":"背景色","zh-TW":"背景顏色"}},{"type":"color","id":"color_header_bg","label":{"cs":"Pozadí záhlaví","da":"Baggrund for sidehoved","de":"Header-Hintergrund","en":"Header background","es":"Fondo del encabezado","fi":"Ylätunnisteen tausta","fr":"Arrière-plan d'en-tête","it":"Sfondo header","ja":"ヘッダーの背景","ko":"헤더 배경","nb":"Bakgrunn for overskrift","nl":"Achtergrond koptekst","pl":"Tło nagłówka","pt-BR":"Fundo do cabeçalho","pt-PT":"Fundo do cabeçalho","sv":"Rubrikbakgrund","th":"พื้นหลังส่วนหัว","tr":"Üstbilgi arka planı","vi":"Nền đầu trang","zh-CN":"页眉背景","zh-TW":"標頭背景"},"default":"#fff"},{"type":"color","id":"color_footer_bg","label":{"cs":"Pozadí zápatí","da":"Baggrund for sidefod","de":"Fußzeilenhintergrund","en":"Footer background","es":"Fondo del pie de página","fi":"Alatunnisteen tausta","fr":"Arrière-plan du pied de page","it":"Sfondo footer","ja":"フッターの背景","ko":"푸터 백그라운드","nb":"Bakgrunn for bunntekst","nl":"Achtergrond voettekst","pl":"Tło stopki","pt-BR":"Plano de fundo do rodapé","pt-PT":"Fundo do rodapé","sv":"Sidfotsbakgrund","th":"พื้นหลังส่วนท้าย","tr":"Altbilgi arka planı","vi":"Nền chân trang","zh-CN":"页脚背景","zh-TW":"頁尾背景"},"default":"#242424"},{"type":"color","id":"color_main_bg","label":{"cs":"Hlavní pozadí","da":"Hovedbaggrund","de":"Haupthintergrund","en":"Main background","es":"Fondo principal","fi":"Päätausta","fr":"Arrière-plan principal","it":"Sfondo principale","ja":"メイン背景","ko":"주요 배경","nb":"Hovedbakgrunn","nl":"Achtergrond hoofdgedeelte","pl":"Główne tło","pt-BR":"Fundo principal","pt-PT":"Fundo principal","sv":"Huvudbakgrund","th":"พื้นหลังหลัก","tr":"Ana arka plan","vi":"Nền chính","zh-CN":"主要背景","zh-TW":"主要背景"},"default":"#ffffff"},{"type":"color","id":"color_secondary_bg","label":{"cs":"Sekundární pozadí","da":"Sekundær baggrund","de":"Sekundärer Hintergrund","en":"Secondary background","es":"Fondo secundario","fi":"Toissijainen tausta","fr":"Arrière-plan secondaire","it":"Sfondo secondario","ja":"サブ背景","ko":"보조 배경","nb":"Sekundær bakgrunn","nl":"Secundaire achtergrond","pl":"Dodatkowe tło","pt-BR":"Fundo secundário","pt-PT":"Fundo secundário","sv":"Sekundär bakgrund","th":"พื้นหลังรอง","tr":"İkincil arka plan","vi":"Nền phụ","zh-CN":"辅助背景","zh-TW":"次要背景"},"default":"#f3f4f3","info":{"cs":"Sekce pro sdílení na sociálních sítích, výsuvný košík a komentáře na blogu","da":"Afsnit til deling på sociale medier, indkøbskurvskuffe, kommentarer på blog.","de":"Social Sharing-Abschnitte, Warenkorbeinschub, Blog-Kommentare.","en":"Social sharing sections, cart drawer, blog comments.","es":"Secciones para compartir en redes sociales, carrito lateral, comentarios de blog.","fi":"Sosiaalisen median jakamisosiot, veto-ostoskori, blogikommentit.","fr":"Sections de partage social, tiroir de panier, commentaires de blog.","it":"Sezioni di condivisione sui social, finestra del carrello, commenti di blog","ja":"ソーシャル共有セクション、カートドロワー、ブログのコメント。","ko":"소셜 공유 섹션, 장바구니 서랍, 블로그 댓글.","nb":"Deling på sosiale medier-deler, handlekurvskuff, bloggkommentarer.","nl":"Secties voor delen via social media, winkelwagenoptie, blogreacties.","pl":"Sekcje udostępniania w mediach społecznościowych, szuflada koszyka, komentarze na blogu.","pt-BR":"Seções de compartilhamento em redes sociais, carrinho de compras deslizante, comentários do blog.","pt-PT":"Secções de partilha em redes sociais, painel deslizante do carrinho, comentários do blogue.","sv":"Delar av sociala delar, kundvagnslådor, bloggkommentarer.","th":"ส่วนการแชร์บนโซเชียล ลิ้นชักตะกร้าสินค้า บล็อก ความคิดเห็น","tr":"Sosyal paylaşım bölümleri, sepet çekmecesi, blog yorumları.","vi":"Mục chia sẻ qua mạng xã hội, ngăn giỏ hàng, bình luận blog.","zh-CN":"社交分享部分、购物车抽屉、博客评论。","zh-TW":"社群分享區、購物車導覽匣、網誌留言。"}},{"type":"header","content":{"cs":"Další barvy","da":"Andre farver","de":"Andere Farben","en":"Other Colors","es":"Otros colores","fi":"Muut värit","fr":"Autres couleurs","it":"Altri colori","ja":"その他の色","ko":"기타 색상","nb":"Andre farger","nl":"Overige kleuren","pl":"Inne kolory","pt-BR":"Outras cores","pt-PT":"Outras cores","sv":"Andra färger","th":"สีอื่นๆ","tr":"Diğer Renkler","vi":"Màu khác","zh-CN":"其他颜色","zh-TW":"其他顏色"}},{"type":"color","id":"color_product_cards","label":{"cs":"Karty produktů","da":"Produktkort","de":"Produktkarten","en":"Product Cards","es":"Tarjetas de producto","fi":"Tuotekortit","fr":"Cartes de produits","it":"Schede prodotto","ja":"商品カード","ko":"제품 카드","nb":"Produktkort","nl":"Productkaarten","pl":"Karty produktów","pt-BR":"Cartões de produtos","pt-PT":"Cartões de produtos","sv":"Produktkort","th":"บัตรสินค้า","tr":"Ürün Kartları","vi":"Thẻ sản phẩm","zh-CN":"产品卡","zh-TW":"產品卡"},"default":"#f3f4f3"},{"type":"color","id":"color_form_elements","label":{"cs":"Prvky formuláře","da":"Formularelementer","de":"Formularelemente","en":"Form elements","es":"Elementos de forma","fi":"Lomake-elementit","fr":"Éléments de formulaire","it":"Elementi modulo","ja":"フォーム要素","ko":"양식 색상","nb":"Skjemaelementer","nl":"Formulierelementen","pl":"Elementy formularza","pt-BR":"Elementos de formulário","pt-PT":"Elementos de formulário","sv":"Formulärelement","th":"องค์ประกอบแบบฟอร์ม","tr":"Form öğeleri","vi":"Phần tử biểu mẫu","zh-CN":"表单元素","zh-TW":"表單元素"},"default":"#f3f4f3"},{"type":"color","id":"color_cart_flag","label":{"cs":"Příznak košíku","da":"Indkøbskurv er markeret med flag","de":"Warenkorb-Flag","en":"Cart flag","es":"Bandera del carrito","fi":"Ostoskorimerkintä","fr":"Indicateur de panier","it":"Flag carrello","ja":"カートの国旗","ko":"카트 플래그","nb":"Handlekurv markert med flagg","nl":"Winkelwagenvlag","pl":"Znacznik koszyka","pt-BR":"Sinalização do carrinho","pt-PT":"Indicador do carrinho","sv":"Varukorgflagga","th":"ธงตะกร้าสินค้า","tr":"Sepet işareti","vi":"Cờ giỏ hàng","zh-CN":"购物车旗帜","zh-TW":"購物車旗幟"},"default":"#3c5629"}]},{"name":{"cs":"Typografie","da":"Typografi","de":"Typografie","en":"Typography","es":"Tipografía","fi":"Typografia","fr":"Typographie","it":"Caratteri tipografici","ja":"文字体裁","ko":"입력 체계","nb":"Typografi","nl":"Typografie","pl":"Typografia","pt-BR":"Tipografia","pt-PT":"Tipografia","sv":"Typografi","th":"ตัวพิมพ์","tr":"Tipografi","vi":"Kiểu chữ","zh-CN":"版式","zh-TW":"印刷樣式"},"settings":[{"type":"header","content":{"cs":"Globální","da":"Globalt","de":"Global","en":"Global","es":"Global","fi":"Yleinen","fr":"Global","it":"Globale","ja":"グローバル","ko":"글로벌","nb":"Global","nl":"Algemeen","pl":"Globalny","pt-BR":"Global","pt-PT":"Global","sv":"Global","th":"ทั่วโลก","tr":"Genel","vi":"Toàn cầu","zh-CN":"全球","zh-TW":"全球"}},{"type":"select","id":"type_base_size","label":{"cs":"Základní velikost","da":"Basisstørrelse","de":"Basisgröße","en":"Base size","es":"Tamaño de base","fi":"Peruskoko","fr":"Taille de base","it":"Dimensione base","ja":"ベースサイズ","ko":"기본 사이즈","nb":"Grunnstørrelse","nl":"Basisafmeting","pl":"Podstawowy rozmiar","pt-BR":"Tamanho básico","pt-PT":"Tamanho básico","sv":"Basstorlek","th":"ขนาดพื้นฐาน","tr":"Temel boyutu","vi":"Cỡ cơ sở","zh-CN":"基本尺寸","zh-TW":"基本尺寸"},"default":"62.5%","options":[{"value":"50%","label":{"cs":"Malá","da":"Lille","de":"Klein","en":"Small","es":"Pequeño","fi":"Pieni","fr":"Petite","it":"Piccolo","ja":"小","ko":"스몰","nb":"Liten","nl":"Klein","pl":"Mały","pt-BR":"Pequeno","pt-PT":"Pequeno","sv":"Liten","th":"เล็ก","tr":"Küçük","vi":"Nhỏ","zh-CN":"小","zh-TW":"小型"}},{"value":"62.5%","label":{"cs":"Střední","da":"Medium","de":"Mitte","en":"Medium","es":"Mediano","fi":"Keskisuuri","fr":"Moyenne","it":"Medio","ja":"中","ko":"보통","nb":"Middels","nl":"Gemiddeld","pl":"Średni","pt-BR":"Médio","pt-PT":"Médio","sv":"Medium","th":"ปานกลาง","tr":"Orta","vi":"Trung bình","zh-CN":"中等","zh-TW":"中等"}},{"value":"75%","label":{"cs":"Velká","da":"Stor","de":"Groß","en":"Large","es":"Grande","fi":"Suuri","fr":"Grande","it":"Grande","ja":"大","ko":"라지","nb":"Stor","nl":"Groot","pl":"Duży","pt-BR":"Grande","pt-PT":"Grande","sv":"Stor","th":"ใหญ่","tr":"Büyük","vi":"Lớn","zh-CN":"大","zh-TW":"大型"}}]},{"type":"header","content":{"cs":"Nadpisy","da":"Overskrifter","de":"Überschriften","en":"Headings","es":"Títulos","fi":"Otsikot","fr":"Titres","it":"Titoli","ja":"見出し","ko":"제목","nb":"Overskrifter","nl":"Koppen","pl":"Nagłówki","pt-BR":"Títulos","pt-PT":"Títulos","sv":"Rubriker","th":"ส่วนหัว","tr":"Başlıklar","vi":"Tiêu đề","zh-CN":"标题","zh-TW":"標題"}},{"type":"font_picker","id":"type_header_font","label":{"cs":"Písmo","da":"Skrifttype","de":"Schriftart","en":"Font","es":"Fuente","fi":"Fontti","fr":"Police","it":"Font","ja":"フォント","ko":"글꼴","nb":"Skrifttype","nl":"Lettertype","pl":"Czcionka","pt-BR":"Fonte","pt-PT":"Tipo de letra","sv":"Typsnitt","th":"แบบอักษร","tr":"Yazı tipi","vi":"Phông chữ","zh-CN":"字体","zh-TW":"字型"},"default":"playfair_display_n7"},{"type":"header","content":{"cs":"Základní text","da":"Brødtekst","de":"Fließtext","en":"Body text","es":"Texto del cuerpo","fi":"Leipäteksti","fr":"Corps du texte","it":"Corpo del testo","ja":"本文","ko":"본문 텍스트","nb":"Brødtekst","nl":"Hoofdtekst","pl":"Tekst podstawowy","pt-BR":"Corpo do texto","pt-PT":"Texto do corpo","sv":"Brödtext","th":"ข้อความเนื้อหา","tr":"Gövde metni","vi":"Văn bản nội dung","zh-CN":"正文文本","zh-TW":"內文"}},{"type":"font_picker","id":"type_base_font","label":{"cs":"Písmo","da":"Skrifttype","de":"Schriftart","en":"Font","es":"Fuente","fi":"Fontti","fr":"Police","it":"Font","ja":"フォント","ko":"글꼴","nb":"Skrifttype","nl":"Lettertype","pl":"Czcionka","pt-BR":"Fonte","pt-PT":"Tipo de letra","sv":"Typsnitt","th":"แบบอักษร","tr":"Yazı tipi","vi":"Phông chữ","zh-CN":"字体","zh-TW":"字型"},"default":"quattrocento_sans_n4"}]},{"name":{"cs":"Výsuvný košík","da":"Indkøbskurvskuffe","de":"Warenkorbeinschub","en":"Cart drawer","es":"Carrito lateral","fi":"Veto-ostoskori","fr":"Tiroir de panier","it":"Finestra del carrello","ja":"カートドロワー","ko":"카트 서랍","nb":"Handlekurvskuff","nl":"Winkelwagenoptie","pl":"Szuflada koszyka","pt-BR":"Carrinho de compras deslizante","pt-PT":"Painel deslizante do carrinho","sv":"Varukorgslåda","th":"ลิ้นชักตะกร้าสินค้า","tr":"Sepet çekmecesi","vi":"Ngăn giỏ hàng","zh-CN":"购物车抽屉","zh-TW":"購物車導覽匣"},"settings":[{"type":"checkbox","id":"show_cart_drawer","label":{"cs":"Zobrazit výsuvný košík","da":"Vis indkøbskurvskuffe","de":"Warenkorbeinschub anzeigen","en":"Show cart drawer","es":"Mostrar carrito lateral","fi":"Näytä veto-ostoskori","fr":"Afficher le tiroir du panier","it":"Mostra finestra carrello","ja":"カートドロワーを表示する","ko":"카트 서랍 표시","nb":"Vis handlekurvskuff","nl":"Winkelwagenoptie weergegeven","pl":"Pokaż szufladę koszyka","pt-BR":"Apresentar carrinho de compras deslizante","pt-PT":"Mostrar painel deslizante do carrinho","sv":"Visa varukorgslåda","th":"แสดงลิ้นชักตะกร้าสินค้า","tr":"Sepet çekmecesini göster","vi":"Hiển thị ngăn giỏ hàng","zh-CN":"显示购物车抽屉","zh-TW":"顯示購物車導覽匣"},"default":true},{"type":"checkbox","id":"show_cart_note","label":{"cs":"Zobrazit poznámku ke košíku","da":"Vis bemærkning til indkøbskurv","de":"Warenkorbanmerkung anzeigen","en":"Show cart note","es":"Mostrar nota del carrito","fi":"Näytä tilauskommentti","fr":"Afficher la note du panier","it":"Mostra nota carrello","ja":"カートメモを表示する","ko":"카트 참고 사항 표시","nb":"Vis handlekurvmerknad","nl":"Opmerking  voor winkelwagen weergeven","pl":"Pokaż uwagę dotyczącą koszyka","pt-BR":"Exibir observação do carrinho","pt-PT":"Mostrar nota do carrinho","sv":"Visa varukorg","th":"แสดงหมายเหตุสำหรับตะกร้าสินค้า","tr":"Sepet notunu göster","vi":"Hiển thị ghi chú trong giỏ hàng","zh-CN":"显示购物车备注","zh-TW":"顯示購物車備註"}}]},{"name":{"cs":"Sociální sítě","da":"Social","de":"Social Media","en":"Social","es":"Social","fi":"Sosiaalinen","fr":"Médias sociaux","it":"Social Media","ja":"ソーシャル","ko":"소셜","nb":"Sosial","nl":"Sociaal","pl":"Społecznościowe","pt-BR":"Redes sociais","pt-PT":"Social","sv":"Social","th":"ทางโซเชียลมีเดีย","tr":"Sosyal","vi":"Mạng xã hội","zh-CN":"社交","zh-TW":"社交媒體"},"settings":[{"type":"header","content":{"cs":"Sdílení na sociálních sítích","da":"Deling på sociale medier","de":"Social Sharing","en":"Social sharing","es":"Compartir en redes sociales","fi":"Sosiaalisen median jakaminen","fr":"Partage social","it":"Condivisione sui social","ja":"ソーシャル共有","ko":"소셜 공유","nb":"Sosial deling","nl":"Delen via social media","pl":"Udostępnianie w mediach społecznościowych","pt-BR":"Compartilhamento em redes sociais","pt-PT":"Partilha nas redes sociais","sv":"Social delning","th":"การแชร์ลงโซเชียล","tr":"Sosyal paylaşım","vi":"Chia sẻ qua mạng xã hội","zh-CN":"社交分享","zh-TW":"社群分享"},"info":{"cs":"Umožněte zákazníkům sdílet produkty a příspěvky na blogu na různých sociálních sítích.","da":"Giv kunder mulighed for at dele produkter og blogopslag på forskellige sociale netværk.","de":"Gestatte Kunden das Teilen von Produkten und Blog-Beiträgen in verschiedenen sozialen Netzwerken.","en":"Allow customers to share products and blog posts on various social networks.","es":"Permite que los clientes compartan productos y publicaciones en blogs en varias redes sociales.","fi":"Salli asiakkaiden jakaa tuote- ja blogijulkaisuja eri sosiaalisen median kanavissa.","fr":"Permettre aux clients de partager des produits et des articles de blog sur différents réseaux sociaux.","it":"Consenti ai clienti di condividere prodotti e articoli di blog su vari social network.","ja":"お客様がさまざまなソーシャルネットワークで商品やブログ記事を共有できるようにします。","ko":"고객이 다양한 소셜 네트워크에서 제품 및 블로그 게시물을 공유할 수 있습니다.","nb":"Tillat kunder å dele produkter og blogginnlegg på ulike sosiale nettverk.","nl":"Laat klanten producten en blogposts delen op verschillende sociale netwerken.","pl":"Umożliwiaj klientom dzielenie się produktami i postami na blogach w różnych serwisach społecznościowych.","pt-BR":"Permita que os clientes compartilhem produtos e posts do blog em várias redes sociais.","pt-PT":"Permita que os clientes partilhem produtos e publicações no blogue em várias redes sociais.","sv":"Tillåt kunder att dela produkter och blogginlägg på olika sociala nätverk.","th":"ให้ลูกค้าสามารถแชร์สินค้าและโพสต์บล็อกลงโซเชียลเน็ตเวิร์กได้หลายช่องทาง","tr":"Müşterilerin ürünleri ve blog gönderilerini çeşitli sosyal ağlarda paylaşmalarına olanak sağlayın.","vi":"Cho phép khách hàng chia sẻ sản phẩm và bài viết blog trên nhiều mạng xã hội.","zh-CN":"允许客户在各种社交网络上分享产品和博客文章。","zh-TW":"允許顧客在社群媒體網路上分享產品和網誌貼文。"}},{"type":"checkbox","id":"share_facebook","label":{"cs":"Sdílet na Facebooku","da":"Del på Facebook","de":"Auf Facebook teilen","en":"Share on Facebook","es":"Compartir en Facebook","fi":"Jaa Facebookissa","fr":"Partager sur Facebook","it":"Condividi su Facebook","ja":"Facebookでシェアする","ko":"Facebook에서 공유","nb":"Del på Facebook","nl":"Delen op Facebook","pl":"Udostępnij na Facebooku","pt-BR":"Compartilhar no Facebook","pt-PT":"Partilhe no Facebook","sv":"Dela på Facebook","th":"แชร์บน Facebook","tr":"Facebook'ta paylaş","vi":"Chia sẻ trên Facebook","zh-CN":"在 Facebook 上共享","zh-TW":"分享至 Facebook"}},{"type":"checkbox","id":"share_twitter","label":{"cs":"Tweetnout na Twitteru","da":"Tweet på Twitter","de":"Auf Twitter twittern","en":"Tweet on Twitter","es":"Tuitear en Twitter","fi":"Twiittaa Twitterissä","fr":"Tweeter sur Twitter","it":"Twitta su Twitter","ja":"Twitterに投稿する","ko":"Twitter에서 트윗 작성","nb":"Tweet på Twitter","nl":"Twitteren op Twitter","pl":"Tweetuj na Twitterze","pt-BR":"Tuitar","pt-PT":"Twittar no Twitter","sv":"Twittra på Twitter","th":"ทวีตบน Twitter","tr":"Twitter'da tweet'le","vi":"Tweet trên Twitter","zh-CN":"在 Twitter 上发推文","zh-TW":"在 Twitter 上發佈推文"}},{"type":"checkbox","id":"share_pinterest","label":{"cs":"Připnout na Pinterestu","da":"Pin på Pinterest","de":"Auf Pinterest pinnen","en":"Pin on Pinterest","es":"Pinear en Pinterest","fi":"Pinnaa Pinterestissä","fr":"Épingler sur Pinterest","it":"Pinna su Pinterest","ja":"Pinterestでピンする","ko":"Pinterest에 고정하기","nb":"Pin på Pinterest","nl":"Pinnen op Pinterest","pl":"Przypnij do tablicy Pinterest","pt-BR":"Incluir como pin no Pinterest","pt-PT":"Adicione no Pinterest","sv":"Spara en pin på Pinterest","th":"ปักหมุดบน Pinterest","tr":"Pinterest'te pin ekle","vi":"Ghim trên Pinterest","zh-CN":"固定在 Pinterest 上","zh-TW":"加入 Pinterest"}},{"type":"header","content":{"cs":"Odkazy na sociální sítě","da":"SoMe-links","de":"Social-Media-Links","en":"Social links","es":"Vínculos sociales","fi":"Sosiaalisen median linkit","fr":"Liens de réseaux sociaux","it":"Link social","ja":"ソーシャルリンク","ko":"소셜 링크","nb":"Sosiale koblinger","nl":"Social media-links","pl":"Linki do mediów społecznościowych","pt-BR":"Links de redes sociais","pt-PT":"Ligações de redes sociais","sv":"Sociala länkar","th":"ลิงก์โซเชี่ยล","tr":"Sosyal ağ bağlantıları","vi":"Liên kết mạng xã hội","zh-CN":"社交链接","zh-TW":"社群連結"},"info":{"cs":"Odkazy na profily a stránky vašecho obchodu na sociálních sítích","da":"Linker til din butiks profiler og sider på sociale netværk","de":"Links zu den Profilen und Seiten der sozialen Netzwerke deines Shops.","en":"Links to your store's social network profiles and pages.","es":"Enlaces a las páginas y perfiles de redes sociales de tu tienda.","fi":"Linkit kaupan yhteisöpalveluprofiileihin ja -sivuille.","fr":"Relie aux profils et pages des réseaux sociaux de votre boutique.","it":"Link a profili e pagine di social network del tuo negozio.","ja":"ストアのソーシャルネットワークのプロフィールとページにリンクします。","ko":"스토어의 소셜 네트워크 프로필 및 페이지로 연결됩니다.","nb":"Koblinger til butikkens sosiale nettverksprofiler og sider.","nl":"Links naar de profielen en pagina's van je winkel op sociale netwerken.","pl":"Łączy z profilami i stronami mediów społecznościowych Twojego sklepu.","pt-BR":"Links para os perfis e páginas em redes sociais da sua loja.","pt-PT":"Ligações para as páginas e perfis nas redes sociais da sua loja.","sv":"Länkar till din butiks sociala nätverksprofiler och sidor.","th":"เชื่อมต่อโปรไฟล์โซเชียลเน็ตเวิร์กของร้านค้ากับเพจของคุณ","tr":"Mağaza sosyal ağ profilleri ve sayfalarınızın bağlantıları.","vi":"Liên kết đến hồ sơ và trang mạng xã hội của cửa hàng.","zh-CN":"链接到您商店的社交网络配置文件和页面。","zh-TW":"連結至您商店的社群網路個人檔案和頁面。"}},{"type":"text","id":"social_facebook_link","label":{"cs":"Odkaz na Facebook","da":"Facebook-link","de":"Facebook-Link","en":"Facebook link","es":"Enlace de Facebook","fi":"Facebook-linkki","fr":"Lien Facebook","it":"Link Facebook","ja":"Facebookのリンク","ko":"페이스북 링크","nb":"Facebook-kobling","nl":"Facebook-link","pl":"Link do Facebooka","pt-BR":"Link do Facebook","pt-PT":"Ligação do Facebook","sv":"Facebook-länk","th":"ลิงก์ Facebook","tr":"Facebook bağlantısı","vi":"Liên kết Facebook","zh-CN":"Facebook 链接","zh-TW":"Facebook 連結"},"info":{"cs":"https:\/\/facebook.com\/shopify","da":"https:\/\/facebook.com\/shopify","de":"https:\/\/facebook.com\/shopify","en":"https:\/\/facebook.com\/shopify","es":"https:\/\/www.facebook.com\/ShopifyES\/","fi":"https:\/\/facebook.com\/shopify","fr":"https:\/\/facebook.com\/shopify","it":"https:\/\/facebook.com\/shopify","ja":"https:\/\/facebook.com\/shopify","ko":"https:\/\/facebook.com\/shopify","nb":"https:\/\/facebook.com\/shopify","nl":"https:\/\/facebook.com\/shopify","pl":"https:\/\/facebook.com\/shopify","pt-BR":"https:\/\/facebook.com\/shopify","pt-PT":"https:\/\/facebook.com\/shopify","sv":"https:\/\/www.facebook.com\/shopify","th":"https:\/\/facebook.com\/shopify","tr":"https:\/\/facebook.com\/shopify","vi":"https:\/\/facebook.com\/shopify","zh-CN":"https:\/\/facebook.com\/shopify","zh-TW":"https:\/\/facebook.com\/shopify"}},{"type":"text","id":"social_twitter_link","label":{"cs":"Odkaz na Twitter","da":"Twitter-link","de":"Twitter-Link","en":"Twitter link","es":"Enlace de Twitter","fi":"Twitter-linkki","fr":"Lien Twitter","it":"Link Twitter","ja":"Twitterのリンク","ko":"트위터 링크","nb":"Twitter-kobling","nl":"Twitter-link","pl":"Link do Twittera","pt-BR":"Link do Twitter","pt-PT":"Ligação do Twitter","sv":"Twitter-länk","th":"ลิงก์ Twitter","tr":"Twitter bağlantısı","vi":"Liên kết Twitter","zh-CN":"Twitter 链接","zh-TW":"Twitter 連結"},"info":{"cs":"https:\/\/twitter.com\/shopify","da":"https:\/\/twitter.com\/shopify","de":"https:\/\/twitter.com\/shopify","en":"https:\/\/twitter.com\/shopify","es":"https:\/\/twitter.com\/shopify","fi":"https:\/\/twitter.com\/shopify","fr":"https:\/\/twitter.com\/shopify","it":"https:\/\/twitter.com\/shopify","ja":"https:\/\/twitter.com\/shopify","ko":"https:\/\/twitter.com\/shopify","nb":"https:\/\/twitter.com\/shopify","nl":"https:\/\/twitter.com\/shopify","pl":"https:\/\/twitter.com\/shopify","pt-BR":"https:\/\/twitter.com\/shopify","pt-PT":"https:\/\/twitter.com\/shopify","sv":"https:\/\/twitter.com\/shopify","th":"https:\/\/twitter.com\/shopify","tr":"https:\/\/twitter.com\/shopify","vi":"https:\/\/twitter.com\/shopify","zh-CN":"https:\/\/twitter.com\/shopify","zh-TW":"https:\/\/twitter.com\/shopify"}},{"type":"text","id":"social_pinterest_link","label":{"cs":"Odkaz na Pinterest","da":"Pinterest-link","de":"Pinterest-Link","en":"Pinterest link","es":"Enlace de Pinterest","fi":"Pinterest-linkki","fr":"Lien Pinterest","it":"Link Pinterest","ja":"Pinterestのリンク","ko":"핀인터레스트 링크","nb":"Pinterest-kobling","nl":"Pinterest-link","pl":"Link do Pinteresta","pt-BR":"Link do Pinterest","pt-PT":"Ligação do Pinterest","sv":"Pinterest-länk","th":"ลิงก์ Pinterest","tr":"Pinterest bağlantısı","vi":"Liên kết Pinterest","zh-CN":"Pinterest 链接","zh-TW":"Pinterest 連結"},"info":{"cs":"https:\/\/pinterest.com\/shopify","da":"https:\/\/pinterest.com\/shopify","de":"https:\/\/pinterest.com\/shopify","en":"https:\/\/pinterest.com\/shopify","es":"https:\/\/pinterest.com\/shopify","fi":"https:\/\/facebook.com\/shopify","fr":"https:\/\/pinterest.com\/shopify","it":"https:\/\/pinterest.com\/shopify","ja":"https:\/\/pinterest.com\/shopify","ko":"https:\/\/pinterest.com\/shopify","nb":"https:\/\/pinterest.com\/shopify","nl":"https:\/\/pinterest.com\/shopify","pl":"https:\/\/pinterest.com\/shopify","pt-BR":"https:\/\/pinterest.com\/shopify","pt-PT":"https:\/\/pinterest.com\/shopify","sv":"https:\/\/www.pinterest.com\/shopify","th":"https:\/\/pinterest.com\/shopify","tr":"https:\/\/pinterest.com\/shopify","vi":"https:\/\/pinterest.com\/shopify","zh-CN":"https:\/\/pinterest.com\/shopify","zh-TW":"https:\/\/pinterest.com\/shopify"}},{"type":"text","id":"social_instagram_link","label":{"cs":"Odkaz na Instagram","da":"Instagram-link","de":"Instagram-Link","en":"Instagram link","es":"Enlace de Instagram","fi":"Instagram-linkki","fr":"Lien Instagram","it":"Link Instagram","ja":"Instagramのリンク","ko":"인스타그램 링크","nb":"Instagram-kobling","nl":"Instagram-link","pl":"Link do Instagrama","pt-BR":"Link do Instagram","pt-PT":"Ligação do Instagram","sv":"Instagram-länk","th":"ลิงก์ Instagram","tr":"Instagram bağlantısı","vi":"Liên kết Instagram","zh-CN":"Instagram 链接","zh-TW":"Instagram 連結"},"info":{"cs":"http:\/\/instagram.com\/shopify","da":"http:\/\/instagram.com\/shopify","de":"http:\/\/instagram.com\/shopify","en":"http:\/\/instagram.com\/shopify","es":"http:\/\/instagram.com\/shopify","fi":"https:\/\/instagram.com\/shopify","fr":"https:\/\/instagram.com\/shopify","it":"http:\/\/instagram.com\/shopify","ja":"http:\/\/instagram.com\/shopify","ko":"http:\/\/instagram.com\/shopify","nb":"http:\/\/instagram.com\/shopify","nl":"http:\/\/instagram.com\/shopify","pl":"http:\/\/instagram.com\/shopify","pt-BR":"http:\/\/instagram.com\/shopify","pt-PT":"http:\/\/instagram.com\/shopify","sv":"https:\/\/instagram.com\/shopify","th":"http:\/\/instagram.com\/shopify","tr":"http:\/\/instagram.com\/shopify","vi":"http:\/\/instagram.com\/shopify","zh-CN":"http:\/\/instagram.com\/shopify","zh-TW":"http:\/\/instagram.com\/shopify"}},{"type":"text","id":"social_snapchat_link","label":{"cs":"Odkaz na Snapchat","da":"Snapchat-link","de":"Snapchat-Link","en":"Snapchat link","es":"Enlace de Snapchat","fi":"Snapchat-linkki","fr":"Lien Snapchat","it":"Link Snapchat","ja":"Snapchatのリンク","ko":"스냅챗 링크","nb":"Snapchat-kobling","nl":"Snapchat-link","pl":"Link do Snapchata","pt-BR":"Link do Snapchat","pt-PT":"Ligação do Snapchat","sv":"Snapchat-länk","th":"ลิงก์ Snapchat","tr":"Snapchat bağlantısı","vi":"Liên kết Snapchat","zh-CN":"Snapchat 链接","zh-TW":"Snapchat 連結"},"info":{"cs":"https:\/\/www.snapchat.com\/add\/shopify","da":"https:\/\/www.snapchat.com\/add\/shopify","de":"https:\/\/www.snapchat.com\/add\/shopify","en":"https:\/\/www.snapchat.com\/add\/shopify","es":"https:\/\/www.snapchat.com\/add\/shopify","fi":"https:\/\/www.snapchat.com\/add\/shopify","fr":"https:\/\/www.snapchat.com\/add\/shopify","it":"https:\/\/www.snapchat.com\/add\/shopify","ja":"https:\/\/www.snapchat.com\/add\/shopify","ko":"https:\/\/www.snapchat.com\/add\/shopify","nb":"https:\/\/snapchat.com\/add\/shopify","nl":"https:\/\/www.snapchat.com\/add\/shopify","pl":"https:\/\/www.snapchat.com\/add\/shopify","pt-BR":"https:\/\/www.snapchat.com\/add\/shopify","pt-PT":"https:\/\/www.snapchat.com\/add\/shopify","sv":"https:\/\/www.snapchat.com\/add\/shopify","th":"https:\/\/www.snapchat.com\/add\/shopify","tr":"https:\/\/www.snapchat.com\/add\/shopify","vi":"https:\/\/www.snapchat.com\/add\/shopify","zh-CN":"https:\/\/www.snapchat.com\/add\/shopify","zh-TW":"https:\/\/www.snapchat.com\/add\/shopify"}},{"type":"text","id":"social_tumblr_link","label":{"cs":"Odkaz na Tumblr","da":"Tumblr-link","de":"Tumblr-Link","en":"Tumblr link","es":"Enlace de Tumblr","fi":"Tumblr-linkki","fr":"Lien Tumblr","it":"Link Tumblr","ja":"Tumblrのリンク","ko":"텀블러 링크","nb":"Tumblr-kobling","nl":"Tumblr-link","pl":"Link do Tumbira","pt-BR":"Link do Tumblr","pt-PT":"Ligação do Tumblr","sv":"Tumblr-länk","th":"ลิงก์ Tumblr","tr":"Tumblr bağlantısı","vi":"Liên kết Tumblr","zh-CN":"Tumblr 链接","zh-TW":"Tumblr 連結"},"info":{"cs":"http:\/\/shopify.tumblr.com","da":"http:\/\/shopify.tumblr.com","de":"http:\/\/shopify.tumblr.com","en":"http:\/\/shopify.tumblr.com","es":"http:\/\/shopify.tumblr.com","fi":"http:\/\/shopify.tumblr.com","fr":"http:\/\/shopify.tumblr.com","it":"http:\/\/shopify.tumblr.com","ja":"http:\/\/shopify.tumblr.com","ko":"http:\/\/shopify.tumblr.com","nb":"http:\/\/shopify.tumblr.com","nl":"http:\/\/shopify.tumblr.com","pl":"http:\/\/shopify.tumblr.com","pt-BR":"http:\/\/shopify.tumblr.com","pt-PT":"http:\/\/shopify.tumblr.com","sv":"http:\/\/shopify.tumblr.com","th":"http:\/\/shopify.tumblr.com","tr":"http:\/\/shopify.tumblr.com","vi":"http:\/\/shopify.tumblr.com","zh-CN":"http:\/\/shopify.tumblr.com","zh-TW":"http:\/\/shopify.tumblr.com"}},{"type":"text","id":"social_youtube_link","label":{"cs":"Odkaz na YouTube","da":"YouTube-link","de":"YouTube-Link","en":"YouTube link","es":"Enlace de YouTube","fi":"YouTube-linkki","fr":"Lien YouTube","it":"Link YouTube","ja":"YouTubeのリンク","ko":"유투브 링크","nb":"YouTube-kobling","nl":"YouTube-link","pl":"Link do You Tuba","pt-BR":"Link do YouTube","pt-PT":"Ligação do YouTube","sv":"YouTube-länk","th":"ลิงก์ YouTube","tr":"YouTube bağlantısı","vi":"Liên YouTube","zh-CN":"YouTube 链接","zh-TW":"YouTube 連結"},"info":{"cs":"https:\/\/www.youtube.com\/shopify","da":"https:\/\/www.youtube.com\/shopify","de":"https:\/\/www.youtube.com\/shopify","en":"https:\/\/www.youtube.com\/shopify","es":"https:\/\/www.youtube.com\/shopify","fi":"https:\/\/facebook.com\/shopify","fr":"https:\/\/www.youtube.com\/shopify","it":"https:\/\/www.youtube.com\/shopify","ja":"https:\/\/www.youtube.com\/shopify","ko":"https:\/\/www.youtube.com\/shopify","nb":"https:\/\/www.youtube.com\/shopify","nl":"https:\/\/www.youtube.com\/shopify","pl":"https:\/\/www.youtube.com\/shopify","pt-BR":"https:\/\/www.youtube.com\/shopify","pt-PT":"https:\/\/www.youtube.com\/shopify","sv":"https:\/\/www.youtube.com\/user\/shopify","th":"https:\/\/www.youtube.com\/shopify","tr":"https:\/\/www.youtube.com\/shopify","vi":"https:\/\/www.youtube.com\/shopify","zh-CN":"https:\/\/www.youtube.com\/shopify","zh-TW":"https:\/\/www.youtube.com\/shopify"}},{"type":"text","id":"social_vimeo_link","label":{"cs":"Odkaz na Vimeo","da":"Vimeo-link","de":"Vimeo-Link","en":"Vimeo link","es":"Enlace Vimeo","fi":"Vimeo-linkki","fr":"Lien Vimeo","it":"Link Vimeo","ja":"Vimeoのリンク","ko":"비메오 링크","nb":"Vimeo-kobling","nl":"Vimeo-link","pl":"Link do Vimeo","pt-BR":"Link do Vimeo","pt-PT":"Ligação do Vimeo","sv":"Vimeo-länk","th":"ลิงก์ Vimeo","tr":"Vimeo bağlantısı","vi":"Liên kết Vimeo","zh-CN":"Vimeo 链接","zh-TW":"Vimeo 連結"},"info":{"cs":"https:\/\/vimeo.com\/shopify","da":"https:\/\/vimeo.com\/shopify","de":"https:\/\/vimeo.com\/shopify","en":"https:\/\/vimeo.com\/shopify","es":"https:\/\/vimeo.com\/shopify","fi":"https:\/\/vimeo.com\/shopify","fr":"https:\/\/vimeo.com\/shopify","it":"https:\/\/vimeo.com\/shopify","ja":"https:\/\/vimeo.com\/shopify","ko":"https:\/\/vimeo.com\/shopify","nb":"https:\/\/vimeo.com\/shopify","nl":"https:\/\/vimeo.com\/shopify","pl":"https:\/\/vimeo.com\/shopify","pt-BR":"https:\/\/vimeo.com\/shopify","pt-PT":"https:\/\/vimeo.com\/shopify","sv":"https:\/\/vimeo.com\/shopify","th":"https:\/\/vimeo.com\/shopify","tr":"https:\/\/vimeo.com\/shopify","vi":"https:\/\/vimeo.com\/shopify","zh-CN":"https:\/\/vimeo.com\/shopify","zh-TW":"https:\/\/vimeo.com\/shopify"}}]},{"name":{"cs":"Favikona","da":"Favoritikon","de":"Favicon","en":"Favicon","es":"Favicon","fi":"Favicon","fr":"Favicon","it":"Favicon","ja":"ファビコン","ko":"Favicon","nb":"Favicon","nl":"Favicon","pl":"Ikona Favicon","pt-BR":"Favicon","pt-PT":"Favicon","sv":"Favicon","th":"Favicon","tr":"Favicon","vi":"Biểu tượng trang web","zh-CN":"网站图标","zh-TW":"Favicon"},"settings":[{"type":"image_picker","id":"favicon","label":{"cs":"Obrázek favikony","da":"Billede for favoritikon","de":"Favicon-Bild","en":"Favicon image","es":"Imagen de favicon","fi":"Favicon-kuva","fr":"Image favicon","it":"Immagine favicon","ja":"ファビコン画像","ko":"파비콘 이미지","nb":"Favicon-bilde","nl":"Favicon-afbeelding","pl":"Obraz ikony Favicon","pt-BR":"Imagem favicon","pt-PT":"Imagem de favicon","sv":"Favicon-bild","th":"รูปภาพ Favicon","tr":"Favicon görseli","vi":"Hình ảnh biểu tượng trang web","zh-CN":"网站图标图片","zh-TW":"Favicon 圖片"},"info":{"cs":"Dojde ke zmenšení na 32 × 32 px","da":"Skaleres ned til 32 x 32 px","de":"Wird auf 32 x 32 Pixel verkleinert.","en":"Will be scaled down to 32 x 32px","es":"Se reducirá a 32 x 32px","fi":"Skaalataan 32 x 32 pikseliin","fr":"Sera réduite à 32 x 32 px","it":"Verrà ridimensionata a 32 x 32 pixel.","ja":"32×32ピクセルに縮小されます。","ko":"32x32 픽셀로 축소됩니다.","nb":"Vil skaleres ned til 32 x 32 px","nl":"Wordt verkleind tot 32x32 pixels","pl":"Zostanie zmniejszony do rozmiaru 32 x 32 px","pt-BR":"Será reduzida para 32 x 32 pixels","pt-PT":"Será reduzida para 32 x 32 px","sv":"Kommer skalas ned till 32 x 32 px","th":"จะถูกลดขนาดลงเป็น 32 x 32 พิกเซล","tr":"Ölçeği 32 x 32 piksele düşürülür","vi":"Sẽ được thu nhỏ xuống 32 x 32 px","zh-CN":"将缩小到 32 x 32px","zh-TW":"將會縮小為 32 x 32 像素"}}]}]